City_ID,City,Country,Date,Lat,Lng,Max Temp,Humidity,Cloudiness,Wind Speed
0,Te Anau,NZ,2022-01-28 19:53:02,-45.4167,167.7167,54.86,84,66,4.63
1,Coquimbo,CL,2022-01-28 19:53:03,-29.9533,-71.3436,69.53,64,20,13.8
2,Hermanus,ZA,2022-01-28 19:52:04,-34.4187,19.2345,67.89,75,0,11.59
3,Korem,ET,2022-01-28 19:53:03,12.5058,39.5228,50.85,79,5,2.86
4,Vila,PT,2022-01-28 19:53:03,42.0304,-8.1588,47.28,43,0,4.88
5,Atuona,PF,2022-01-28 19:49:06,-9.8,-139.0333,77.45,75,22,16.64
6,Point Pedro,LK,2022-01-28 19:53:04,9.8167,80.2333,79.09,77,34,16.8
7,Sept-Iles,CA,2022-01-28 19:53:04,50.2001,-66.3821,10.06,57,20,5.99
8,Jardim,BR,2022-01-28 19:53:05,-21.4803,-56.1381,78.78,88,69,7.49
9,Kaitangata,NZ,2022-01-28 19:53:05,-46.2817,169.8464,56.26,69,98,3.13
10,Dalvik,IS,2022-01-28 19:53:05,65.9702,-18.5286,26.53,88,99,15.28
11,Busselton,AU,2022-01-28 19:50:13,-33.65,115.3333,65.05,63,0,13.02
12,Laguna,US,2022-01-28 19:53:06,38.421,-121.4238,66.22,55,75,1.01
13,Ushuaia,AR,2022-01-28 19:49:09,-54.8,-68.3,60.42,63,40,3.44
14,Georgetown,MY,2022-01-28 19:51:03,5.4112,100.3354,82.89,90,20,1.01
15,Cayenne,GF,2022-01-28 19:53:06,4.9333,-52.3333,78.84,82,75,5.01
16,Sibu,MY,2022-01-28 19:53:06,2.3,111.8167,75.51,100,40,0.0
17,New Norfolk,AU,2022-01-28 19:53:07,-42.7826,147.0587,62.1,70,95,1.01
18,Bilibino,RU,2022-01-28 19:53:07,68.0546,166.4372,-7.04,96,100,4.18
19,Kuopio,FI,2022-01-28 19:53:07,62.8924,27.677,22.95,86,100,5.75
20,Vila Franca Do Campo,PT,2022-01-28 19:53:08,37.7167,-25.4333,58.19,80,20,9.48
21,Albany,US,2022-01-28 19:50:57,42.6001,-73.9662,31.62,79,100,4.74
22,Barrow,US,2022-01-28 19:53:08,71.2906,-156.7887,-19.19,97,91,14.81
23,Bluff,NZ,2022-01-28 19:53:08,-46.6,168.3333,53.8,74,86,5.06
24,Provideniya,RU,2022-01-28 19:53:09,64.3833,-173.3,-2.78,99,14,2.51
25,East London,ZA,2022-01-28 19:53:09,-33.0153,27.9116,70.05,79,44,10.78
26,Dikson,RU,2022-01-28 19:53:09,73.5069,80.5464,4.48,93,100,18.86
27,Awjilah,LY,2022-01-28 19:53:10,29.1081,21.2869,53.87,57,5,8.08
28,Saint-Philippe,RE,2022-01-28 19:53:10,-21.3585,55.7679,76.55,76,21,6.67
29,Los Llanos De Aridane,ES,2022-01-28 19:53:10,28.6585,-17.9182,55.15,81,20,5.99
30,Faanui,PF,2022-01-28 19:50:31,-16.4833,-151.75,80.92,75,6,16.13
31,Leningradskiy,RU,2022-01-28 19:53:11,69.3833,178.4167,-11.11,96,91,1.99
32,Alyangula,AU,2022-01-28 19:53:11,-13.8483,136.4192,82.27,83,100,8.05
33,Hilo,US,2022-01-28 19:53:11,19.7297,-155.09,79.61,69,23,5.01
34,Punta Arenas,CL,2022-01-28 19:49:23,-53.15,-70.9167,68.02,52,0,6.91
35,Hithadhoo,MV,2022-01-28 19:53:12,-0.6,73.0833,80.69,61,27,5.61
36,Empalme,MX,2022-01-28 19:53:12,27.9667,-110.8167,79.36,23,12,9.48
37,Kodiak,US,2022-01-28 19:48:18,57.79,-152.4072,27.91,74,100,17.27
38,Hobart,AU,2022-01-28 19:53:12,-42.8794,147.3294,62.46,82,75,5.75
39,Ostrovnoy,RU,2022-01-28 19:53:13,68.0531,39.5131,8.92,95,86,8.75
40,Gushikawa,JP,2022-01-28 19:51:34,26.3544,127.8686,64.4,94,75,6.91
41,Tiksi,RU,2022-01-28 19:53:13,71.6872,128.8694,-3.87,99,100,7.25
42,Dingle,PH,2022-01-28 19:53:14,10.9995,122.6711,74.82,89,44,4.54
43,Boshnyakovo,RU,2022-01-28 19:53:14,49.6333,142.1667,1.49,88,100,5.46
44,Luderitz,NA,2022-01-28 19:53:14,-26.6481,15.1594,70.02,69,0,28.48
45,Kavieng,PG,2022-01-28 19:53:15,-2.5744,150.7967,81.43,77,100,6.04
46,Rikitea,PF,2022-01-28 19:54:15,-23.1203,-134.9692,77.86,72,100,16.51
47,Castro,BR,2022-01-28 19:54:15,-24.7911,-50.0119,63.14,99,100,6.82
48,Moi,NO,2022-01-28 19:54:15,58.4567,6.5518,42.39,97,100,10.49
49,Tura,IN,2022-01-28 19:54:16,25.5198,90.2201,49.98,55,0,2.93
50,Vaini,TO,2022-01-28 19:54:16,-21.2,-175.2,82.27,79,100,19.13
51,Yeppoon,AU,2022-01-28 19:54:16,-23.1333,150.7333,71.38,80,80,12.95
52,Goderich,CA,2022-01-28 19:54:17,43.7501,-81.7165,14.92,66,57,8.05
53,Srednekolymsk,RU,2022-01-28 19:53:21,67.45,153.6833,-13.85,95,100,3.74
54,Biak,ID,2022-01-28 19:54:17,-0.9131,122.8766,76.66,83,100,4.94
55,Sioux Lookout,CA,2022-01-28 19:52:42,50.1001,-91.917,3.58,66,20,5.75
56,Bethel,US,2022-01-28 19:54:18,41.3712,-73.414,33.49,79,100,1.92
57,Sao Filipe,CV,2022-01-28 19:52:08,14.8961,-24.4956,71.71,69,100,10.45
58,Marsa Matruh,EG,2022-01-28 19:54:18,31.3525,27.2453,52.0,71,40,11.5
59,Imbituba,BR,2022-01-28 19:54:18,-28.24,-48.6703,70.83,80,100,5.53
60,Mana,GF,2022-01-28 19:54:19,5.6592,-53.7767,80.15,70,59,9.46
61,Raga,SS,2022-01-28 19:54:19,8.4596,25.678,68.81,20,55,4.25
62,Saldanha,ZA,2022-01-28 19:54:19,-33.0117,17.9442,66.25,79,0,25.57
63,Cidreira,BR,2022-01-28 19:54:20,-30.1811,-50.2056,73.38,60,64,12.44
64,Saint-Francois,FR,2022-01-28 19:54:20,46.4154,3.9054,33.67,100,100,3.44
65,Esperance,AU,2022-01-28 19:49:35,-33.8667,121.9,60.64,82,0,12.35
66,Krasnoselkup,RU,2022-01-28 19:54:20,65.7,82.4667,2.44,96,97,12.15
67,Korla,CN,2022-01-28 19:54:21,41.7597,86.1469,22.39,60,0,3.94
68,Constitucion,CL,2022-01-28 19:50:19,-35.3333,-72.4167,66.76,70,0,11.14
69,Mataura,NZ,2022-01-28 19:54:21,-46.1927,168.8643,53.47,68,93,1.81
70,Fort-Shevchenko,KZ,2022-01-28 19:54:21,44.5086,50.263,32.25,69,71,15.17
71,Port Elizabeth,ZA,2022-01-28 19:54:22,-33.918,25.5701,67.1,77,0,10.36
72,Bud,US,2022-01-28 19:54:22,39.447,-86.1758,24.21,74,100,14.63
73,Beringovskiy,RU,2022-01-28 19:54:22,63.05,179.3167,-5.98,94,100,3.15
74,Bredasdorp,ZA,2022-01-28 19:50:15,-34.5322,20.0403,63.72,72,35,5.75
75,Chumikan,RU,2022-01-28 19:54:23,54.7183,135.315,-14.64,90,13,13.24
76,Port-Cartier,CA,2022-01-28 19:54:23,50.0334,-66.8654,9.75,72,3,10.11
77,Port Macquarie,AU,2022-01-28 19:49:30,-31.4333,152.9167,66.16,90,12,4.32
78,Longyearbyen,SJ,2022-01-28 19:54:23,78.2186,15.6401,10.24,67,20,13.8
79,Inhambane,MZ,2022-01-28 19:54:24,-23.865,35.3833,77.2,78,4,9.64
80,Tuktoyaktuk,CA,2022-01-28 19:54:25,69.4541,-133.0374,-18.4,76,0,16.11
81,Chokurdakh,RU,2022-01-28 19:51:01,70.6333,147.9167,-31.09,96,96,3.78
82,Thompson,CA,2022-01-28 19:51:21,55.7435,-97.8558,-7.44,71,75,2.3
83,Smithers,CA,2022-01-28 19:54:25,54.7804,-127.1743,19.72,79,75,5.75
84,Abbeville,FR,2022-01-28 19:54:25,50.1,1.8333,44.94,93,100,9.37
85,Berlevag,NO,2022-01-28 19:54:26,70.8578,29.0864,31.95,55,75,13.8
86,Staraya Kulatka,RU,2022-01-28 19:54:26,52.7167,47.6167,8.82,99,98,0.69
87,Ahipara,NZ,2022-01-28 19:54:26,-35.1667,173.1667,66.85,65,99,10.0
88,Iqaluit,CA,2022-01-28 19:54:26,63.7506,-68.5145,-11.31,76,100,13.0
89,Corner Brook,CA,2022-01-28 19:54:27,48.9667,-57.9484,28.53,83,99,12.59
90,Salekhard,RU,2022-01-28 19:54:27,66.53,66.6019,-16.4,100,95,4.12
91,Hammerfest,NO,2022-01-28 19:55:27,70.6634,23.6821,25.25,86,75,4.61
92,Baghdad,IQ,2022-01-28 19:55:28,33.3406,44.4009,44.51,57,0,1.14
93,San Quintin,MX,2022-01-28 19:55:13,30.4833,-115.95,67.48,31,99,5.64
94,Rupert,US,2022-01-28 19:55:28,42.6191,-113.6772,17.65,81,3,7.09
95,Kutum,SD,2022-01-28 19:55:28,14.2,24.6667,55.56,16,3,10.22
96,Nikolskoye,RU,2022-01-28 19:55:29,59.7035,30.7861,29.88,96,100,5.86
97,Geraldton,AU,2022-01-28 19:55:29,-28.7667,114.6,72.01,83,0,6.91
98,Talnakh,RU,2022-01-28 19:55:29,69.4865,88.3972,2.21,92,100,12.71
99,Katsuura,JP,2022-01-28 19:53:27,35.1333,140.3,42.91,70,100,9.62
100,Mogadishu,SO,2022-01-28 19:55:30,2.0371,45.3438,77.2,79,64,21.18
101,Minot,US,2022-01-28 19:55:30,48.2325,-101.2963,26.78,91,65,2.46
102,Skjervoy,NO,2022-01-28 19:55:30,70.0311,20.9714,21.2,76,100,17.29
103,Sisimiut,GL,2022-01-28 19:55:31,66.9395,-53.6735,19.13,62,100,19.73
104,Alexandria,EG,2022-01-28 19:55:31,31.2156,29.9553,53.56,87,40,12.66
105,Cape Town,ZA,2022-01-28 19:53:30,-33.9258,18.4232,68.11,70,20,20.71
106,Coihaique,CL,2022-01-28 19:55:31,-45.5752,-72.0662,84.15,16,0,6.91
107,Saint-Georges,GD,2022-01-28 19:55:31,12.0564,-61.7485,82.08,69,20,17.27
108,Riverton,US,2022-01-28 19:55:32,40.5219,-111.9391,42.3,45,0,1.99
109,Avarua,CK,2022-01-28 19:55:32,-21.2078,-159.775,80.65,83,40,10.36
110,Kang,BW,2022-01-28 19:55:32,-23.6752,22.7876,73.81,67,56,6.76
111,Jamestown,US,2022-01-28 19:55:33,42.097,-79.2353,24.12,56,100,5.01
112,Inverness,GB,2022-01-28 19:52:47,57.4791,-4.224,55.8,81,40,8.99
113,Carnarvon,AU,2022-01-28 19:55:33,-24.8667,113.6333,69.87,94,0,6.91
114,Cabo San Lucas,MX,2022-01-28 19:54:22,22.8909,-109.9124,78.62,58,6,8.01
115,Bilma,NE,2022-01-28 19:55:33,18.6853,12.9164,61.99,17,0,10.0
116,Acopiara,BR,2022-01-28 19:55:34,-6.0953,-39.4525,77.13,75,100,0.56
117,North Palm Beach,US,2022-01-28 19:55:34,26.8176,-80.082,74.03,76,75,3.0
118,Lorengau,PG,2022-01-28 19:55:34,-2.0226,147.2712,81.0,81,100,7.65
119,Eureka,US,2022-01-28 19:55:35,40.8021,-124.1637,62.2,62,99,2.01
120,Saskylakh,RU,2022-01-28 19:55:35,71.9167,114.0833,2.8,87,100,6.26
121,Homer,US,2022-01-28 19:55:24,59.6425,-151.5483,23.04,91,100,9.55
122,Bria,CF,2022-01-28 19:55:35,6.5423,21.9863,75.9,22,82,5.32
123,Belomorsk,RU,2022-01-28 19:55:36,64.5232,34.7668,7.63,99,95,4.14
124,Yellowknife,CA,2022-01-28 19:55:36,62.456,-114.3525,0.41,90,100,11.5
125,Bambanglipuro,ID,2022-01-28 19:55:36,-7.95,110.2833,75.25,88,98,3.44
126,Ornskoldsvik,SE,2022-01-28 19:53:29,63.2909,18.7153,25.75,80,100,10.36
127,Kinwat,IN,2022-01-28 19:55:37,19.6333,78.2,60.24,34,6,2.48
128,Pochutla,MX,2022-01-28 19:53:57,15.7432,-96.4661,87.82,49,24,9.86
129,Arraial Do Cabo,BR,2022-01-28 19:55:37,-22.9661,-42.0278,82.36,78,40,9.22
130,Araouane,ML,2022-01-28 19:55:37,18.9048,-3.5265,72.54,14,72,10.51
131,Arlit,NE,2022-01-28 19:55:38,18.7369,7.3853,65.05,14,0,12.41
132,Qaanaaq,GL,2022-01-28 19:55:38,77.484,-69.3632,-12.44,62,0,7.94
133,Taoudenni,ML,2022-01-28 19:55:38,22.6783,-3.9836,74.7,13,92,11.36
134,Kipushi,CD,2022-01-28 19:55:39,-11.7667,27.2333,63.19,96,100,4.43
135,Aksu,CN,2022-01-28 19:55:39,41.1231,80.2644,21.96,52,4,1.86
136,Paka,MY,2022-01-28 19:55:39,4.6374,103.4368,71.53,94,74,2.3
137,Cairns,AU,2022-01-28 19:55:40,-16.9167,145.7667,75.15,94,100,4.61
138,Troina,IT,2022-01-28 19:55:40,37.7854,14.5985,42.78,88,100,5.77
139,Bambous Virieux,MU,2022-01-28 19:53:29,-20.3428,57.7575,79.05,89,75,2.3
140,Tulsipur,NP,2022-01-28 19:56:40,28.131,82.2973,46.4,79,0,3.98
141,Shihezi,CN,2022-01-28 19:56:41,44.3,86.0333,-1.1,96,97,4.21
142,Honningsvag,NO,2022-01-28 19:56:41,70.9821,25.9704,30.52,50,100,8.23
143,Vadinsk,RU,2022-01-28 19:56:41,53.6916,43.0574,12.56,91,85,12.41
144,Sur,OM,2022-01-28 19:56:42,22.5667,59.5289,69.46,58,0,3.15
145,Ndele,CF,2022-01-28 19:56:42,8.4109,20.6473,74.43,21,3,5.84
146,Port Alfred,ZA,2022-01-28 19:56:42,-33.5906,26.891,69.1,74,26,10.87
147,Fiumicino,IT,2022-01-28 19:56:42,41.7675,12.2291,51.08,85,0,6.91
148,Lebu,CL,2022-01-28 19:56:43,-37.6167,-73.65,65.48,76,3,6.98
149,Alofi,NU,2022-01-28 19:52:42,-19.0595,-169.9187,82.29,83,93,8.05
150,Touros,BR,2022-01-28 19:56:43,-5.1989,-35.4608,79.7,69,67,8.25
151,Yulara,AU,2022-01-28 19:56:43,-25.2406,130.9889,78.64,47,99,12.66
152,Miandrivazo,MG,2022-01-28 19:56:44,-19.5167,45.4667,79.79,75,3,4.12
153,Nantucket,US,2022-01-28 19:56:44,41.2835,-70.0995,37.09,73,100,4.52
154,Sawakin,SD,2022-01-28 19:56:45,19.1059,37.3321,69.66,64,51,9.75
155,Straumen,NO,2022-01-28 19:56:45,63.8709,11.2999,37.94,90,100,6.58
156,Puli,TW,2022-01-28 19:56:45,23.9664,120.9695,62.22,72,100,2.46
157,Vanavara,RU,2022-01-28 19:56:45,60.34,102.2797,-12.08,100,98,3.33
158,Ilulissat,GL,2022-01-28 19:54:32,69.2167,-51.1,14.85,60,100,12.12
159,Ribeira Grande,PT,2022-01-28 19:56:46,38.5167,-28.7,57.6,72,40,9.22
160,Turukhansk,RU,2022-01-28 19:56:46,65.8167,87.9833,-1.39,95,100,13.15
161,Padang,ID,2022-01-28 19:56:46,-0.9492,100.3543,77.05,86,98,3.91
162,Narsaq,GL,2022-01-28 19:53:38,60.9167,-46.05,14.05,72,100,8.66
163,Dunmore Town,BS,2022-01-28 19:56:47,25.5,-76.65,75.47,80,100,16.06
164,Marondera,ZW,2022-01-28 19:56:47,-18.1853,31.5519,60.78,97,100,4.0
165,Upernavik,GL,2022-01-28 19:54:58,72.7868,-56.1549,-0.09,63,100,9.73
166,Brodick,GB,2022-01-28 19:56:48,55.5754,-5.1472,51.64,88,97,19.46
167,Waverly,US,2022-01-28 19:56:48,42.7392,-84.6208,20.17,65,100,6.85
168,Qasigiannguit,GL,2022-01-28 19:56:48,68.8193,-51.1922,15.33,62,100,11.39
169,Zyuzelskiy,RU,2022-01-28 19:56:48,56.4856,60.1331,-11.36,97,100,1.7
170,Cherskiy,RU,2022-01-28 19:56:49,68.75,161.3,-14.51,92,100,1.79
171,Guerrero Negro,MX,2022-01-28 19:52:05,27.9769,-114.0611,70.75,26,55,2.98
172,Lircay,PE,2022-01-28 19:56:49,-12.9896,-74.7205,61.34,66,99,2.28
173,Puerto Ayora,EC,2022-01-28 19:56:49,-0.7393,-90.3518,82.36,76,80,9.51
174,Gigmoto,PH,2022-01-28 19:56:50,13.7796,124.39,78.01,89,97,5.88
175,Kahului,US,2022-01-28 19:53:52,20.8947,-156.47,76.26,69,40,0.0
176,Goianesia,BR,2022-01-28 19:56:50,-15.3175,-49.1175,76.3,81,99,5.03
177,Nanakuli,US,2022-01-28 19:56:50,21.3906,-158.1547,79.03,65,1,4.83
178,Shakawe,BW,2022-01-28 19:56:51,-18.3667,21.85,68.83,97,100,6.93
179,Pilar,BR,2022-01-28 19:56:51,-9.5972,-35.9567,84.13,64,100,12.48
180,Birjand,IR,2022-01-28 19:56:51,32.8663,59.2211,37.87,28,0,6.91
181,Nkongsamba,CM,2022-01-28 19:56:52,4.9547,9.9404,71.56,39,63,3.02
182,Carroll,US,2022-01-28 19:56:52,39.5501,-77.0164,35.87,80,100,1.99
183,Baruun-Urt,MN,2022-01-28 19:56:52,46.6806,113.2792,-8.84,90,3,2.98
184,Chuy,UY,2022-01-28 19:57:53,-33.6971,-53.4616,71.85,56,67,9.73
185,Phuntsholing,BT,2022-01-28 19:57:53,26.8516,89.3884,52.27,65,2,5.91
186,Clyde River,CA,2022-01-28 19:57:53,70.4692,-68.5914,-10.97,84,100,40.29
187,Shimoda,JP,2022-01-28 19:57:54,34.6667,138.95,35.71,60,84,3.38
188,Kanye,BW,2022-01-28 19:57:54,-24.9667,25.3327,70.02,69,97,6.24
189,Pocatello,US,2022-01-28 19:57:54,42.8713,-112.4455,14.72,60,0,2.42
190,Rawson,AR,2022-01-28 19:57:55,-43.3002,-65.1023,75.51,59,9,14.23
191,Hambantota,LK,2022-01-28 19:57:55,6.1241,81.1185,75.16,87,32,7.78
192,Broken Hill,AU,2022-01-28 19:57:55,-31.95,141.4333,71.31,88,100,10.36
193,Nemuro,JP,2022-01-28 19:57:56,43.3236,145.575,22.96,85,100,13.09
194,Fort Nelson,CA,2022-01-28 19:57:56,58.8053,-122.7002,18.99,93,100,3.44
195,Port Lincoln,AU,2022-01-28 19:57:56,-34.7333,135.8667,66.06,79,71,15.73
196,Svetlogorsk,BY,2022-01-28 19:57:56,52.6333,29.7333,32.7,98,100,10.13
197,La Ronge,CA,2022-01-28 19:57:57,55.1001,-105.2842,5.22,78,100,12.66
198,Spoleto,IT,2022-01-28 19:57:57,42.7448,12.7374,44.98,89,1,5.73
199,Pitsunda,GE,2022-01-28 19:57:57,43.1592,40.3378,33.98,71,79,9.22
200,Businga,CD,2022-01-28 19:57:58,3.3333,20.8833,77.95,30,0,2.37
201,Itarema,BR,2022-01-28 19:57:58,-2.9248,-39.9167,72.48,91,100,9.46
202,Gold Coast,AU,2022-01-28 19:57:58,-28.0,153.4333,73.99,93,75,1.99
203,Grindavik,IS,2022-01-28 19:57:59,63.8424,-22.4338,28.87,69,100,20.71
204,Pointe Michel,DM,2022-01-28 19:57:59,15.25,-61.3833,79.09,88,40,2.3
205,Carmen,MX,2022-01-28 19:53:51,18.6333,-91.8333,76.1,82,22,12.17
206,Hirara,JP,2022-01-28 19:57:59,24.8,125.2833,67.44,88,100,11.1
207,Karratha,AU,2022-01-28 19:58:00,-20.7377,116.8463,78.87,73,37,12.82
208,Kapaa,US,2022-01-28 19:58:00,22.0752,-159.319,74.48,59,1,6.62
209,Brae,GB,2022-01-28 19:58:00,60.3964,-1.353,48.11,95,100,29.42
210,Olafsvik,IS,2022-01-28 19:58:01,64.8945,-23.7142,23.58,79,78,24.11
211,Mananara,MG,2022-01-28 19:58:01,-16.1667,49.7667,70.3,88,3,5.64
212,Muravlenko,RU,2022-01-28 19:58:01,63.7898,74.523,-5.96,100,88,8.9
213,Zhigalovo,RU,2022-01-28 19:58:02,54.8097,105.1578,-20.67,100,99,0.78
214,Khakhea,BW,2022-01-28 19:58:02,-24.6895,23.494,76.32,56,36,8.32
215,Tautira,PF,2022-01-28 19:58:02,-17.7333,-149.15,80.62,76,26,16.73
216,Rocha,UY,2022-01-28 19:58:02,-34.4833,-54.3333,70.57,57,13,10.51
217,Ponta Do Sol,PT,2022-01-28 19:53:53,32.6667,-17.1,62.71,61,54,7.87
218,Neiafu,TO,2022-01-28 19:58:03,-18.65,-173.9833,82.92,77,73,20.4
219,Tasiilaq,GL,2022-01-28 19:58:03,65.6145,-37.6368,7.14,63,35,6.26
220,Grand Forks,US,2022-01-28 19:58:03,47.9417,-97.4337,14.79,89,97,3.49
221,Ugoofaaru,MV,2022-01-28 19:58:04,5.6667,73.0,81.43,66,1,17.29
222,Alihe,CN,2022-01-28 19:58:04,50.5667,123.7167,4.01,82,100,5.84
223,Champasak,LA,2022-01-28 19:58:04,14.75,106.0,67.46,58,30,2.82
224,Husavik,IS,2022-01-28 19:53:58,66.0449,-17.3389,26.51,84,87,33.49
225,Butaritari,KI,2022-01-28 19:58:05,3.0707,172.7902,81.73,79,92,17.81
226,Mar Del Plata,AR,2022-01-28 19:58:05,-38.0023,-57.5575,75.22,72,20,18.01
227,Bondowoso,ID,2022-01-28 19:58:05,-7.9135,113.8214,73.18,89,100,1.3
228,Richards Bay,ZA,2022-01-28 19:58:06,-28.783,32.0377,75.11,88,100,13.4
229,Tiznit,MA,2022-01-28 19:58:06,29.5833,-9.5,57.22,40,0,23.31
230,Tambopata,PE,2022-01-28 19:58:06,-12.7333,-69.1833,87.69,66,75,2.3
231,Sendafa,ET,2022-01-28 19:59:07,9.15,39.0333,52.2,59,100,3.56
232,Naryan-Mar,RU,2022-01-28 19:59:07,67.6713,53.087,2.08,96,100,9.98
233,Boyolangu,ID,2022-01-28 19:59:07,-8.1181,111.8935,75.47,89,100,3.15
234,Asau,RO,2022-01-28 19:59:08,46.4333,26.4,38.32,75,99,10.29
235,Torbay,CA,2022-01-28 19:59:08,47.6666,-52.7314,26.28,82,100,10.36
236,Sola,VU,2022-01-28 19:57:00,-13.8833,167.55,79.25,86,100,22.12
237,Khandyga,RU,2022-01-28 19:59:08,62.6667,135.6,-40.52,99,88,2.42
238,Bathsheba,BB,2022-01-28 19:59:09,13.2167,-59.5167,77.61,83,40,6.91
239,Mangan,IN,2022-01-28 19:59:09,27.5167,88.5333,46.81,35,1,6.4
240,Acapulco,MX,2022-01-28 19:57:47,16.8634,-99.8901,84.65,59,1,9.33
241,Aklavik,CA,2022-01-28 19:59:09,68.2191,-135.0107,-18.4,76,20,3.44
242,Honavar,IN,2022-01-28 19:59:10,14.2833,74.45,73.85,51,97,6.73
243,Chokwe,MZ,2022-01-28 19:59:10,-24.5333,32.9833,80.51,66,16,8.59
244,Svetlaya,RU,2022-01-28 19:59:10,46.5389,138.3297,2.01,73,9,8.37
245,Srivardhan,IN,2022-01-28 19:59:11,18.0333,73.0167,70.52,54,0,6.38
246,Poum,NC,2022-01-28 19:59:11,-20.2333,164.0167,81.86,78,94,22.15
247,Lucapa,AO,2022-01-28 19:59:11,-8.4192,20.7447,67.89,85,93,2.51
248,Puerto Leguizamo,CO,2022-01-28 19:55:56,-0.1934,-74.7819,95.88,30,48,3.87
249,Batticaloa,LK,2022-01-28 19:59:12,7.7102,81.6924,77.07,85,46,4.61
250,Nishihara,JP,2022-01-28 19:59:12,26.1842,127.7558,63.68,97,100,8.05
251,Bani Walid,LY,2022-01-28 19:59:12,31.7566,13.9942,49.48,46,0,7.23
252,Tilichiki,RU,2022-01-28 19:59:13,60.4667,166.1,25.75,85,100,31.45
253,Grand Gaube,MU,2022-01-28 19:59:13,-20.0064,57.6608,79.2,77,6,3.0
254,Gboko,NG,2022-01-28 19:59:13,7.3179,8.9951,83.41,16,100,7.9
255,Khasan,RU,2022-01-28 19:59:14,42.4308,130.6434,16.77,54,0,19.95
256,Ishikawa,JP,2022-01-28 19:59:14,26.4233,127.8214,64.36,95,75,6.91
257,Dunedin,NZ,2022-01-28 19:59:14,-45.8742,170.5036,60.19,70,99,0.54
258,Pahrump,US,2022-01-28 19:55:11,36.2083,-115.9839,54.1,14,76,3.0
259,Severo-Kurilsk,RU,2022-01-28 19:59:15,50.6789,156.125,23.11,73,100,31.18
260,Sorland,NO,2022-01-28 19:54:46,67.667,12.6934,31.86,60,100,17.18
261,Talaya,RU,2022-01-28 19:59:15,61.3833,152.75,-9.49,99,100,5.59
262,Loandjili,CG,2022-01-28 19:59:15,-4.7561,11.8578,77.59,85,100,0.94
263,Ode,NG,2022-01-28 19:59:16,7.7899,5.7117,78.67,19,88,3.51
264,Pedasi,PA,2022-01-28 19:59:16,7.5333,-80.0333,82.08,69,25,10.76
265,Saint George,US,2022-01-28 19:55:01,37.1041,-113.5841,57.67,25,0,3.0
266,Rock Sound,BS,2022-01-28 19:59:17,24.9,-76.2,76.24,75,99,15.79
267,Codrington,AU,2022-01-28 19:57:52,-38.2667,141.9667,62.58,79,90,12.1
268,Weligama,LK,2022-01-28 19:59:17,5.9667,80.4167,75.67,85,56,2.08
269,Sharjah,AE,2022-01-28 19:55:12,25.3573,55.4033,71.58,75,20,3.44
270,Mahebourg,MU,2022-01-28 19:59:17,-20.4081,57.7,79.09,89,75,2.3
271,Kupang,ID,2022-01-28 19:58:56,-10.1667,123.5833,78.71,87,100,10.31
272,Chervona Sloboda,UA,2022-01-28 19:59:18,49.3789,32.1464,32.43,94,93,16.84
273,Isangel,VU,2022-01-28 19:59:18,-19.55,169.2667,78.21,92,86,10.94
274,Vostok,RU,2022-01-28 19:59:19,46.4856,135.8833,-8.0,99,100,5.66
275,Moose Factory,CA,2022-01-28 19:59:19,51.2585,-80.6094,-0.4,65,75,12.66
276,Salalah,OM,2022-01-28 19:59:19,17.0151,54.0924,71.13,51,63,3.76
277,Ixtapa,MX,2022-01-28 20:00:13,20.7,-105.2,88.38,31,86,7.02
278,Gizo,SB,2022-01-28 20:00:20,-8.103,156.8419,81.68,76,90,8.3
279,The Valley,AI,2022-01-28 20:00:20,18.217,-63.0578,79.11,68,1,13.51
280,Hasaki,JP,2022-01-28 20:00:20,35.7333,140.8333,34.2,49,100,11.41
281,Porbandar,IN,2022-01-28 20:00:21,21.6422,69.6093,66.43,36,2,9.06
282,Lesnoy,RU,2022-01-28 20:00:21,57.6198,63.0784,2.68,98,100,3.56
283,Susanville,US,2022-01-28 20:00:21,40.4163,-120.653,43.81,48,0,8.01
284,Salinopolis,BR,2022-01-28 20:00:22,-0.6136,-47.3561,76.03,90,100,9.73
285,Airai,TL,2022-01-28 20:00:22,-8.9266,125.4092,59.81,90,100,3.04
286,Cavalcante,BR,2022-01-28 20:00:23,-13.7975,-47.4583,75.47,76,86,4.7
287,Taltal,CL,2022-01-28 20:00:23,-25.4,-70.4833,69.42,70,30,7.96
288,Tomatlan,MX,2022-01-28 20:00:23,19.9333,-105.25,87.89,34,100,7.83
289,Baturaja,ID,2022-01-28 20:00:24,-4.1333,104.1667,72.07,96,100,1.48
290,Asfi,MA,2022-01-28 20:00:24,32.2994,-9.2372,60.98,68,33,14.07
291,Kyaikkami,MM,2022-01-28 20:00:24,16.08,97.5675,78.33,73,37,9.46
292,Bunbury,AU,2022-01-28 20:00:25,-33.3333,115.6333,60.82,57,0,16.2
293,Houma,US,2022-01-28 20:00:25,29.5958,-90.7195,57.0,52,100,17.0
294,Ballina,AU,2022-01-28 20:00:26,-28.8667,153.5667,67.78,97,75,4.5
295,Cozmesti,RO,2022-01-28 20:00:26,46.8833,27.9833,38.55,76,65,10.51
296,Kavaratti,IN,2022-01-28 20:00:26,10.5669,72.642,80.46,73,31,8.43
297,Port Blair,IN,2022-01-28 20:00:27,11.6667,92.75,79.21,76,54,7.29
298,Masty,BY,2022-01-28 20:00:27,53.4122,24.5387,30.72,87,100,20.38
299,Bonavista,CA,2022-01-28 20:00:27,48.6499,-53.1147,27.12,67,100,15.01
300,Solnechnyy,RU,2022-01-28 20:00:28,50.7214,136.6319,-8.41,98,100,2.73
301,Oltu,TR,2022-01-28 20:00:28,40.5498,42.0013,5.45,92,48,6.73
302,Kaz,RU,2022-01-28 20:00:28,52.9113,87.3105,-2.83,98,84,3.33
303,Nabire,ID,2022-01-28 20:00:29,-3.3667,135.4833,75.87,91,100,2.68
304,Evanston,US,2022-01-28 20:00:22,42.0411,-87.6901,26.02,72,99,5.01
305,Lardos,GR,2022-01-28 20:00:29,36.0942,28.0157,49.95,69,16,6.93
306,Yeniseysk,RU,2022-01-28 20:00:30,58.4497,92.1703,-1.3,98,100,3.91
307,Arman,RU,2022-01-28 20:00:30,59.7,150.1667,8.31,77,100,15.46
308,Jinchang,CN,2022-01-28 20:00:30,38.4953,102.1739,22.59,33,5,1.92
309,Uyuni,BO,2022-01-28 20:00:31,-20.4597,-66.825,61.66,43,92,2.84
310,Meadow Lake,US,2022-01-28 20:00:31,34.8014,-106.5436,43.95,33,2,5.88
311,Perth,AU,2022-01-28 19:58:49,-31.9333,115.8333,77.18,52,0,24.16
312,Adrar,MR,2022-01-28 20:00:31,20.5022,-10.0711,75.67,10,100,4.41
313,Onokhoy,RU,2022-01-28 20:00:32,51.932,108.0747,-29.45,100,51,2.06
314,Alamosa,US,2022-01-28 20:00:32,37.4695,-105.87,35.65,58,0,0.0
315,Liverpool,GB,2022-01-28 19:56:22,53.4106,-2.9779,51.67,86,75,3.0
316,Khatanga,RU,2022-01-28 20:00:33,71.9667,102.5,-1.43,86,100,5.06
317,Lavrentiya,RU,2022-01-28 20:00:33,65.5833,-171.0,-10.62,99,7,3.94
318,Sao Gabriel Da Cachoeira,BR,2022-01-28 20:00:33,-0.1303,-67.0892,84.15,70,100,1.92
319,Iranshahr,IR,2022-01-28 20:00:34,27.2025,60.6848,62.28,46,0,3.02
320,Annonay,FR,2022-01-28 20:00:34,45.2397,4.6708,36.88,91,17,7.02
321,Ginir,ET,2022-01-28 20:00:34,7.1333,40.7,61.36,26,100,6.15
322,Bosaso,SO,2022-01-28 20:00:35,11.2842,49.1816,72.91,68,93,5.88
323,Sohbatpur,PK,2022-01-28 20:01:35,28.5202,68.5434,58.12,25,0,4.21
324,Olinda,BR,2022-01-28 20:01:35,-8.0089,-34.8553,81.97,67,77,12.19
325,Skibbereen,IE,2022-01-28 20:01:36,51.55,-9.2667,53.4,96,100,18.5
326,Valparaiso,CL,2022-01-28 19:57:47,-33.0393,-71.6273,73.63,53,0,14.97
327,Lata,PT,2022-01-28 20:01:36,40.1629,-8.3327,49.08,59,0,4.34
328,Wilmington,US,2022-01-28 20:01:07,34.2257,-77.9447,45.95,63,100,4.59
329,Gravdal,NO,2022-01-28 20:01:37,68.1214,13.5031,27.12,62,96,10.02
330,Santo Antonio Do Ica,BR,2022-01-28 20:01:37,-3.1022,-67.9397,81.99,83,100,2.62
331,Norman Wells,CA,2022-01-28 20:00:36,65.282,-126.8329,-7.11,96,100,6.11
332,Lufilufi,WS,2022-01-28 20:01:37,-13.8745,-171.5986,82.54,76,49,22.41
333,Vila Velha,BR,2022-01-28 19:58:33,-20.3297,-40.2925,85.95,76,20,14.0
334,Tabou,CI,2022-01-28 20:01:38,4.423,-7.3528,80.46,79,70,8.14
335,Egvekinot,RU,2022-01-28 20:01:38,66.3167,-179.1667,-5.12,91,24,3.24
336,Nouadhibou,MR,2022-01-28 20:01:38,20.931,-17.0347,64.44,77,100,20.33
337,Sayyan,YE,2022-01-28 20:01:39,15.1718,44.3244,53.01,19,23,4.18
338,Tuatapere,NZ,2022-01-28 20:01:39,-46.1333,167.6833,53.82,71,99,4.18
339,Pangnirtung,CA,2022-01-28 20:01:39,66.1451,-65.7125,-8.64,99,100,1.57
340,Hami,CN,2022-01-28 20:01:40,42.8,93.45,22.59,50,0,3.76
341,Crib Point,AU,2022-01-28 20:01:40,-38.35,145.2,66.43,95,99,12.3
342,Mount Gambier,AU,2022-01-28 20:01:41,-37.8333,140.7667,60.71,100,100,12.66
343,Oleksandrivka,UA,2022-01-28 20:01:41,48.9634,32.2349,31.35,90,93,16.44
344,Roebourne,AU,2022-01-28 20:01:41,-20.7833,117.1333,78.62,72,50,11.99
345,Bowen,AU,2022-01-28 19:58:52,-20.0167,148.2333,73.62,85,41,12.91
346,Verkhnetulomskiy,RU,2022-01-28 20:01:42,68.6073,31.7962,15.93,96,100,2.24
347,San Vicente,AR,2022-01-28 20:01:42,-26.6167,-54.1333,72.03,70,93,6.58
348,Sri Aman,MY,2022-01-28 20:01:42,1.2376,111.4621,71.38,96,100,0.76
349,Hope,US,2022-01-28 20:01:34,33.6671,-93.5916,55.45,33,19,13.85
350,Broome,US,2022-01-28 20:01:43,42.2506,-75.833,28.17,88,100,5.01
351,Ushtobe,KZ,2022-01-28 20:01:43,45.2514,77.9838,12.94,79,17,8.5
352,Along,IN,2022-01-28 20:01:44,28.1667,94.7667,43.41,82,2,1.79
353,Ambon,ID,2022-01-28 20:01:44,-3.6954,128.1814,78.94,89,40,4.61
354,Valkeakoski,FI,2022-01-28 20:01:44,61.2642,24.0312,21.58,92,9,7.49
355,Labuhan,ID,2022-01-28 20:01:45,-6.8844,112.2051,78.1,84,100,6.11
356,Salinas,US,2022-01-28 20:01:45,36.6777,-121.6555,70.29,34,0,20.71
357,Quang Ngai,VN,2022-01-28 20:01:45,15.1167,108.8,68.25,92,82,5.26
358,Hamilton,US,2022-01-28 20:01:00,39.1834,-84.5333,29.05,88,100,3.0
359,Margate,GB,2022-01-28 20:01:46,51.3813,1.3862,46.96,84,99,4.0
360,Yelanskiy,RU,2022-01-28 20:01:46,56.8419,62.5014,0.81,98,100,3.87
361,Longview,US,2022-01-28 20:01:04,32.5007,-94.7405,57.45,28,0,3.0
362,Borovoy,RU,2022-01-28 20:01:46,55.4333,86.0833,0.68,85,98,2.24
363,Asosa,ET,2022-01-28 20:01:47,10.0667,34.5333,65.48,40,0,4.29
364,Kruisfontein,ZA,2022-01-28 20:01:47,-34.0033,24.7314,64.89,85,2,7.07
365,Muzhi,RU,2022-01-28 20:01:47,65.3667,64.6667,-8.75,95,84,4.14
366,Salvador,SV,2022-01-28 20:01:48,13.8333,-88.9167,84.06,26,4,1.05
367,Semirom,IR,2022-01-28 20:01:48,31.4167,51.5667,18.82,76,4,2.68
368,Conde,BR,2022-01-28 20:01:48,-7.2597,-34.9075,80.92,66,72,12.08
369,Otjimbingwe,NA,2022-01-28 20:02:49,-22.35,16.1333,79.56,34,9,10.54
370,Banff,CA,2022-01-28 20:01:00,51.1762,-115.5698,16.57,75,87,7.16
371,Mercedes,AR,2022-01-28 20:02:49,-34.6515,-59.4307,82.85,36,0,5.37
372,Vilyuysk,RU,2022-01-28 20:02:49,63.7553,121.6247,-18.92,98,21,5.39
373,Mumford,GH,2022-01-28 20:02:50,5.2618,-0.759,80.26,80,87,9.57
374,Manacor,ES,2022-01-28 20:02:50,39.5696,3.2096,45.82,61,4,3.38
375,Niigata,JP,2022-01-28 19:58:09,37.9022,139.0236,31.91,60,100,13.51
376,Aripuana,BR,2022-01-28 20:02:50,-9.1667,-60.6333,79.97,93,75,2.93
377,Shimizu,JP,2022-01-28 20:02:51,43.0061,142.8847,15.73,80,47,10.74
378,Victoria,HK,2022-01-28 20:00:37,22.2855,114.1577,65.32,89,84,3.0
379,Byron Bay,AU,2022-01-28 20:02:51,-28.65,153.6167,72.88,87,79,5.39
380,Thinadhoo,MV,2022-01-28 20:02:52,0.5333,72.9333,80.62,61,29,7.52
381,Praia Da Vitoria,PT,2022-01-28 20:02:52,38.7333,-27.0667,56.75,81,64,9.89
382,San Policarpo,PH,2022-01-28 20:02:52,12.1791,125.5072,78.35,86,100,6.96
383,La Macarena,CO,2022-01-28 20:02:53,2.1837,-73.7849,97.39,24,72,6.15
384,Bereda,ES,2022-01-28 20:02:53,43.2686,-7.5406,46.92,96,24,4.0
385,Boende,CD,2022-01-28 20:02:53,-0.2167,20.8667,82.54,43,99,1.1
386,Verkhoyansk,RU,2022-01-28 20:02:53,67.5447,133.385,-36.4,100,90,2.17
387,Mubi,NG,2022-01-28 20:02:54,10.2676,13.2644,70.7,21,3,4.68
388,Ibra,OM,2022-01-28 20:02:54,22.6906,58.5334,65.71,52,0,0.51
389,Preobrazheniye,RU,2022-01-28 20:02:54,42.9019,133.9064,12.9,64,38,12.37
390,Anadyr,RU,2022-01-28 20:02:55,64.75,177.4833,-11.54,100,100,3.53
391,Galiakot,IN,2022-01-28 20:02:55,23.5167,74.0,57.83,34,0,5.46
392,Quatre Cocos,MU,2022-01-28 20:02:55,-20.2078,57.7625,78.1,81,35,10.0
393,Bardiyah,LY,2022-01-28 20:02:56,31.7561,25.0865,54.14,74,23,12.66
394,Kharabali,RU,2022-01-28 20:02:56,47.4196,47.2568,15.84,94,9,7.47
395,Liberty,US,2022-01-28 20:02:56,31.8335,-81.5004,53.85,49,100,1.01
396,Camacha,PT,2022-01-28 20:02:57,33.0833,-16.3333,58.42,72,40,16.11
397,Roald,NO,2022-01-28 20:02:57,62.5833,6.1333,42.85,81,75,17.27
398,Hokitika,NZ,2022-01-28 20:02:57,-42.7167,170.9667,60.85,70,2,1.57
399,Boromo,BF,2022-01-28 20:02:58,11.75,-2.9333,82.26,14,6,7.76
400,Selenduma,RU,2022-01-28 20:02:58,50.9131,106.2406,-18.71,100,40,1.41
401,Gari,RU,2022-01-28 20:02:58,59.4307,62.3497,-3.89,99,28,4.81
402,Intipuca,SV,2022-01-28 20:02:58,13.1969,-88.0544,91.44,37,3,6.24
403,Bechem,GH,2022-01-28 20:02:59,7.0903,-2.025,79.75,32,67,2.91
404,Shipunovo,RU,2022-01-28 20:02:59,52.1582,82.2173,-10.68,100,61,1.41
405,Mehamn,NO,2022-01-28 19:58:58,71.0357,27.8492,31.91,63,100,5.61
406,Hirado,JP,2022-01-28 20:02:59,33.3597,129.5531,45.36,47,100,7.56
407,Kolomna,RU,2022-01-28 20:03:00,55.0794,38.7783,19.65,95,100,10.63
408,Kaihua,CN,2022-01-28 20:03:00,23.3687,104.28,50.59,95,50,5.1
409,Vuktyl,RU,2022-01-28 20:03:00,63.8567,57.3094,4.37,93,100,8.5
410,Jinxiang,CN,2022-01-28 20:03:01,27.4327,120.6062,47.07,85,100,13.35
411,Holme,DK,2022-01-28 20:03:01,56.1138,10.1725,39.06,82,100,12.73
412,Vardo,NO,2022-01-28 20:03:01,70.3705,31.1107,30.18,86,75,19.57
413,Marawi,PH,2022-01-28 20:03:02,7.9986,124.2928,65.64,92,14,2.24
414,Tazovskiy,RU,2022-01-28 20:03:02,67.4667,78.7,0.77,97,98,6.98
415,Saint-Augustin,CA,2022-01-28 20:03:03,51.226,-58.6502,25.61,95,100,17.16
416,Coahuayana,MX,2022-01-28 20:04:03,18.7333,-103.6833,90.88,41,6,7.43
417,Chulman,RU,2022-01-28 20:04:03,56.8479,124.9104,-4.11,92,100,12.95
418,Kaarina,FI,2022-01-28 20:04:04,60.4072,22.369,29.01,87,0,5.75
419,Inuvik,CA,2022-01-28 20:01:49,68.3499,-133.7218,-34.1,100,25,2.95
420,Komsomolskiy,UZ,2022-01-28 20:04:04,40.4272,71.7189,35.02,33,100,6.46
421,Whitianga,NZ,2022-01-28 20:04:04,-36.8333,175.7,71.02,65,13,5.57
422,Lasa,IT,2022-01-28 20:04:05,46.6166,10.7002,37.31,86,52,7.72
423,Half Moon Bay,US,2022-01-28 20:04:05,37.4636,-122.4286,67.1,51,0,8.05
424,Kaohsiung,TW,2022-01-28 20:04:05,22.6163,120.3133,67.03,94,100,1.99
425,Khanpur,PK,2022-01-28 20:04:06,28.6453,70.6567,58.37,18,0,4.59
426,Bengkulu,ID,2022-01-28 20:04:06,-3.8004,102.2655,76.69,86,100,2.35
427,Akkermanovka,RU,2022-01-28 20:04:06,51.2467,58.2391,10.13,91,100,6.35
428,Coos Bay,US,2022-01-28 19:59:48,43.3665,-124.2179,52.93,48,62,2.15
429,Rodrigues Alves,BR,2022-01-28 20:04:07,-7.738,-72.6509,86.47,65,100,2.42
430,Hobyo,SO,2022-01-28 20:04:07,5.3505,48.5268,77.22,69,22,21.54
431,Russell,US,2022-01-28 20:04:07,32.3502,-85.1999,53.2,45,100,13.89
432,Waseca,US,2022-01-28 20:04:08,44.0777,-93.5074,11.37,66,75,10.36
433,Sitka,US,2022-01-28 20:04:08,57.0531,-135.33,44.49,81,100,18.41
434,Tongren,CN,2022-01-28 20:04:08,27.7172,109.1853,33.12,98,100,3.0
435,Yumen,CN,2022-01-28 20:04:09,40.2833,97.2,19.36,42,0,3.62
436,Abalak,RU,2022-01-28 20:04:09,58.1286,68.5944,-5.78,100,88,3.42
437,Sapulpa,US,2022-01-28 20:02:07,35.9987,-96.1142,46.9,44,0,6.91
438,Merke,KZ,2022-01-28 20:04:09,42.8728,73.1786,35.89,61,97,3.62
439,Beloha,MG,2022-01-28 20:04:10,-25.1667,45.05,71.85,85,0,10.11
440,Ratnagiri,IN,2022-01-28 20:04:10,16.9833,73.3,72.05,44,3,6.42
441,Parys,FR,2022-01-28 20:03:56,48.8534,2.3488,45.37,92,100,3.0
442,Harper,LR,2022-01-28 20:00:47,4.375,-7.7169,80.06,80,73,8.32
443,Port Hawkesbury,CA,2022-01-28 20:04:11,45.6169,-61.3485,32.92,76,75,5.01
444,Tuy Hoa,VN,2022-01-28 20:00:17,13.0833,109.3,69.51,91,48,4.83
445,Tessalit,ML,2022-01-28 20:04:11,20.1986,1.0114,68.97,14,2,10.74
446,Oktyabrskoye,RU,2022-01-28 20:04:11,43.0645,44.7417,19.54,100,32,4.47
447,Kapit,MY,2022-01-28 20:04:12,2.0167,112.9333,72.25,99,100,1.12
448,Westport,US,2022-01-28 20:01:27,41.1415,-73.3579,35.29,75,100,4.0
449,Lautaro,CL,2022-01-28 20:04:12,-38.5167,-72.45,75.18,32,0,14.56
450,Hervey Bay,AU,2022-01-28 20:04:13,-25.2986,152.8535,71.04,75,76,11.23
451,Kefamenanu,ID,2022-01-28 20:04:13,-9.4467,124.4781,71.29,90,100,3.02
452,Enshi,CN,2022-01-28 20:04:13,30.3,109.4833,37.22,100,100,1.1
453,Bani,DO,2022-01-28 20:04:14,18.2833,-70.3333,85.44,62,5,11.25
454,Xai-Xai,MZ,2022-01-28 20:04:14,-25.0519,33.6442,77.34,75,99,9.73
455,Tevriz,RU,2022-01-28 20:04:14,57.509,72.4042,-7.19,100,60,2.24
456,Hauterive,FR,2022-01-28 20:04:15,46.0901,3.4459,34.56,93,97,1.36
457,Bang Saphan,TH,2022-01-28 20:04:15,11.2126,99.5117,72.95,91,17,4.12
458,Guayabetal,CO,2022-01-28 20:04:15,4.2147,-73.8172,81.72,44,81,6.17
459,Juba,SS,2022-01-28 20:00:32,4.8517,31.5825,78.46,27,83,4.5
460,Klaksvik,FO,2022-01-28 20:05:16,62.2266,-6.589,43.72,85,82,25.95
461,Aykhal,RU,2022-01-28 20:05:16,66.0,111.5,-14.82,100,53,4.32
462,Nanortalik,GL,2022-01-28 20:05:16,60.1432,-45.2371,22.28,91,100,3.29
463,Atar,MR,2022-01-28 20:05:17,20.5169,-13.0499,75.33,18,100,5.84
464,Baykit,RU,2022-01-28 20:05:17,61.67,96.37,-12.32,100,100,1.61
465,Vanimo,PG,2022-01-28 20:05:17,-2.6741,141.3028,76.05,90,91,3.6
466,Lago Da Pedra,BR,2022-01-28 20:05:18,-4.3333,-45.1667,74.01,95,100,2.24
467,Port-Gentil,GA,2022-01-28 20:05:18,-0.7193,8.7815,80.69,83,77,8.72
468,Bal-Os,PH,2022-01-28 20:05:18,9.4416,122.6257,78.51,83,99,5.48
469,Novosheshminsk,RU,2022-01-28 20:05:19,55.0651,51.2338,17.8,92,100,4.92
470,Winnemucca,US,2022-01-28 20:05:19,40.973,-117.7357,44.65,29,0,13.8
471,Turiacu,BR,2022-01-28 20:05:19,-1.6633,-45.3717,73.89,96,100,6.2
472,Sorgun,TR,2022-01-28 20:05:20,39.8101,35.186,-1.62,99,70,1.41
473,Ust-Kishert,RU,2022-01-28 20:05:20,57.3654,57.2495,0.99,98,99,2.33
474,Pedernales,DO,2022-01-28 20:05:20,18.0384,-71.744,80.46,63,12,6.06
475,Washington,US,2022-01-28 20:00:59,47.5001,-120.5015,28.89,79,99,3.6
476,Bolgatanga,GH,2022-01-28 20:05:21,10.7856,-0.8514,81.75,16,37,6.53
477,Pevek,RU,2022-01-28 20:03:58,69.7008,170.3133,-18.18,99,29,1.81
478,Charcas,MX,2022-01-28 20:05:21,23.1333,-101.1167,62.28,45,62,9.8
479,Kharopon,GR,2022-01-28 20:05:21,41.2667,23.3833,40.89,70,26,6.8
480,Pingzhuang,CN,2022-01-28 20:05:22,42.0372,119.2889,12.42,54,0,2.51
481,San Jose,US,2022-01-28 20:01:04,37.3394,-121.895,68.25,45,75,1.01
482,Borogontsy,RU,2022-01-28 20:05:22,62.6683,131.1683,-34.51,100,100,1.16
483,Usvyaty,RU,2022-01-28 20:05:22,55.7456,30.7533,32.31,99,100,4.83
484,Payson,US,2022-01-28 20:05:23,40.0444,-111.7321,39.54,53,0,5.75
485,Kousseri,CM,2022-01-28 20:05:23,12.0769,15.0306,72.23,16,0,14.29
486,Kjollefjord,NO,2022-01-28 20:05:24,70.9457,27.3465,31.78,66,100,6.11
487,Lazaro Cardenas,MX,2022-01-28 20:05:24,17.9583,-102.2,83.53,55,0,8.86
488,Cruz Grande,MX,2022-01-28 20:05:24,16.7333,-99.1333,82.78,44,0,10.74
489,General Pico,AR,2022-01-28 20:05:25,-35.6566,-63.7568,81.72,37,0,11.3
490,San Patricio,US,2022-01-28 20:05:25,28.017,-97.5169,57.18,41,100,12.97
491,Christchurch,NZ,2022-01-28 20:03:01,-43.5333,172.6333,67.91,77,0,1.99
492,Ancud,CL,2022-01-28 20:01:50,-41.8697,-73.8203,64.67,61,0,9.95
493,Jimani,DO,2022-01-28 20:05:26,18.4917,-71.8502,84.09,32,1,3.83
494,Dondo,MZ,2022-01-28 20:05:26,-19.6094,34.7431,74.3,89,68,5.28
495,High Level,CA,2022-01-28 20:05:26,58.5169,-117.136,19.51,86,75,5.75
496,Deputatskiy,RU,2022-01-28 20:05:27,69.3,139.9,-26.16,98,99,2.21
497,North Bend,US,2022-01-28 20:05:27,43.4065,-124.2243,54.86,76,0,4.61
498,Challapata,BO,2022-01-28 20:05:27,-18.9,-66.7667,55.99,58,85,0.92
499,Novoseleznevo,RU,2022-01-28 20:05:27,55.6821,69.2056,-0.65,100,100,2.04
500,Moree,AU,2022-01-28 20:05:28,-29.4667,149.85,70.21,73,8,9.42
501,Henties Bay,NA,2022-01-28 20:05:28,-22.116,14.2845,63.86,82,40,10.6
502,Sao Joao Da Barra,BR,2022-01-28 20:05:28,-21.6403,-41.0511,86.09,85,43,18.54
503,Fairbanks,US,2022-01-28 20:04:39,64.8378,-147.7164,6.76,51,100,11.5
504,Tsaratanana,MG,2022-01-28 20:05:29,-16.7833,47.65,74.88,77,75,2.91
505,Katherine,AU,2022-01-28 20:06:29,-14.4667,132.2667,77.32,94,100,9.22
506,Linxia,CN,2022-01-28 20:06:29,35.6003,103.2064,8.47,89,64,3.56
507,Kastamonu,TR,2022-01-28 20:06:30,41.5,33.6667,14.9,94,64,1.74
508,Kemijarvi,FI,2022-01-28 20:06:30,66.7131,27.4306,7.03,96,56,3.53
509,Takanosu,JP,2022-01-28 20:06:30,40.2219,140.3694,27.41,77,100,11.36
510,Mezen,RU,2022-01-28 20:06:31,65.8522,44.24,12.31,95,100,6.62
511,Goure,NE,2022-01-28 20:06:31,13.9835,10.2704,68.02,16,0,10.56
512,Charters Towers,AU,2022-01-28 20:06:31,-20.1,146.2667,70.47,95,61,7.34
513,Gamba,GA,2022-01-28 20:06:32,-2.65,10.0,76.68,85,51,3.53
514,Tamandare,BR,2022-01-28 20:06:32,-8.7597,-35.1047,81.39,71,100,13.24
515,Havre-Saint-Pierre,CA,2022-01-28 20:06:32,50.2334,-63.5986,19.99,81,100,15.1
516,Lipari,IT,2022-01-28 20:06:33,38.4674,14.954,55.56,74,100,9.51
517,Neokhorion,GR,2022-01-28 20:06:33,41.1833,23.25,45.97,71,19,5.41
518,Opunake,NZ,2022-01-28 20:06:33,-39.4556,173.8583,67.84,57,81,0.29
519,Sirajganj,BD,2022-01-28 20:06:34,24.45,89.7167,59.72,56,0,6.31
520,Makkaveyevo,RU,2022-01-28 20:06:34,51.7533,113.9454,-24.41,100,79,3.65
521,Cukai,MY,2022-01-28 20:06:34,4.25,103.4167,74.21,86,42,4.36
522,Corrales,US,2022-01-28 20:06:34,35.2378,-106.6067,50.65,37,0,3.0
523,Altamont,US,2022-01-28 20:05:47,42.2068,-121.7372,48.76,38,0,3.0
524,Barpathar,IN,2022-01-28 20:06:35,26.3,93.8667,53.29,82,0,1.12
525,Mount Isa,AU,2022-01-28 20:06:35,-20.7333,139.5,74.97,100,100,9.22
526,San Cristobal,VE,2022-01-28 20:06:35,7.7669,-72.225,78.98,39,81,4.29
527,Matara,LK,2022-01-28 20:06:36,5.9485,80.5353,75.16,88,50,4.09
528,Karachi,PK,2022-01-28 20:05:03,24.9056,67.0822,57.02,77,0,0.0
529,Rockport,US,2022-01-28 20:06:36,28.0206,-97.0544,55.45,61,0,3.0
530,Rabo De Peixe,PT,2022-01-28 20:06:36,37.8,-25.5833,57.27,93,75,8.05
531,Yining,CN,2022-01-28 20:06:37,29.0361,114.5636,34.57,100,100,2.53
532,Laiyang,CN,2022-01-28 20:06:37,36.9758,120.7136,27.23,58,100,3.65
533,Mahajanga,MG,2022-01-28 20:06:37,-15.7167,46.3167,79.9,75,1,7.4
534,Sungaipenuh,ID,2022-01-28 20:06:38,-2.0833,101.3833,64.36,95,100,3.27
535,Kununurra,AU,2022-01-28 20:06:38,-15.7667,128.7333,78.78,94,40,5.75
536,Oranjemund,NA,2022-01-28 20:03:47,-28.55,16.4333,65.64,87,61,20.94
537,Griffith,US,2022-01-28 20:06:38,41.5284,-87.4237,25.39,70,100,1.01
538,Kindu,CD,2022-01-28 20:06:39,-2.95,25.95,72.66,90,100,1.16
539,Haines Junction,CA,2022-01-28 20:04:15,60.7522,-137.5108,25.3,96,100,1.43
540,Comodoro Rivadavia,AR,2022-01-28 20:06:39,-45.8667,-67.5,64.26,82,75,9.22
541,Lompoc,US,2022-01-28 20:06:40,34.6391,-120.4579,73.11,34,0,0.0
542,Kangaatsiaq,GL,2022-01-28 20:06:40,68.3065,-53.4641,15.93,62,100,18.52
543,Ambilobe,MG,2022-01-28 20:06:40,-13.2,49.05,74.01,91,94,2.66
544,Boca Do Acre,BR,2022-01-28 20:06:41,-8.7522,-67.3978,83.16,84,93,2.64
545,Dromolaxia,CY,2022-01-28 20:06:41,34.8761,33.586,48.97,86,0,4.61
546,Salaga,GH,2022-01-28 20:06:41,8.5508,-0.5188,88.36,13,61,1.12
547,Cleethorpes,GB,2022-01-28 20:06:42,53.5605,-0.0323,50.0,90,100,16.64
548,Ust-Kuyga,RU,2022-01-28 20:06:42,70.0167,135.6,-22.95,99,100,2.1
549,Namibe,AO,2022-01-28 20:06:42,-15.1961,12.1522,72.93,81,100,6.46
550,Tual,ID,2022-01-28 20:07:16,-5.6667,132.75,82.62,78,97,13.73
551,Plouzane,FR,2022-01-28 20:07:43,48.3833,-4.6167,48.38,100,100,3.44
552,Sydney,AU,2022-01-28 20:05:13,-33.8679,151.2073,73.26,85,40,5.01
553,Mackay,AU,2022-01-28 20:07:43,-21.15,149.2,75.69,74,32,13.58
554,Pierreville,CA,2022-01-28 20:07:44,46.0703,-72.8112,8.67,71,29,5.35
555,Keti Bandar,PK,2022-01-28 20:07:44,24.1447,67.4497,67.12,50,0,7.16
556,Arroio Grande,BR,2022-01-28 20:07:44,-32.2375,-53.0869,77.32,43,14,13.56
557,Abha,SA,2022-01-28 20:07:45,18.2164,42.5053,50.25,87,0,0.0
558,Maniitsoq,GL,2022-01-28 20:07:45,65.4167,-52.9,22.96,93,100,26.62
559,Ola,RU,2022-01-28 20:07:45,59.5833,151.2833,13.1,76,100,16.78
560,Kalevala,RU,2022-01-28 20:07:45,65.2,31.1667,4.69,98,100,4.45
561,Severnyy,RU,2022-01-28 20:07:46,50.677,36.5532,28.44,100,100,11.18
562,Namatanai,PG,2022-01-28 20:05:08,-3.6667,152.4333,79.0,83,92,2.39
563,Nueva Concepcion,GT,2022-01-28 20:07:46,14.2,-91.3,90.18,35,1,14.74
564,Souillac,MU,2022-01-28 20:07:47,-20.5167,57.5167,78.37,84,43,8.81
565,Longyan,CN,2022-01-28 20:07:47,25.1072,117.0225,56.97,94,100,3.09
566,Xuddur,SO,2022-01-28 20:07:47,4.1213,43.8894,79.14,22,84,8.19
567,Tommot,RU,2022-01-28 20:07:47,58.9564,126.2925,-4.43,95,100,8.86
568,Tacuarembo,UY,2022-01-28 20:07:48,-31.7333,-55.9833,82.78,31,0,11.83
569,Mnogovershinnyy,RU,2022-01-28 20:07:48,53.9353,139.9242,-21.42,96,52,4.34
570,Mokhsogollokh,RU,2022-01-28 20:07:48,61.4681,128.9203,-16.87,97,29,5.61
571,Biltine,TD,2022-01-28 20:07:49,14.5333,20.9167,67.32,15,3,14.74
572,Rio Grande,BR,2022-01-28 20:07:49,-32.035,-52.0986,77.11,57,10,12.68
573,Kalmunai,LK,2022-01-28 20:07:49,7.4167,81.8167,75.6,88,24,5.77
